"userId","jobTitle","firstName","lastName","employeeCode","region","phoneNumber","emailAddress"
"krish","Developer","Krish","Lee","E1","CA","123456","krish.lee@learningcontainer.com"
"ivy"," ","Ivy","Taylor","E12","CA","1212121","ivy.taylor@learningcontainer.com"
"alice","Data Analyst","Alice","Smith","E4","NY","3333333","alice.smith@learningcontainer.com"
"devid","Developer","Devid","Rome","E2","CA","1111111","devid.rome@learningcontainer.com"
"frank","QA Engineer","Frank"," ","E9","CA","8888888","frank.miller@learningcontainer.com"
"tin","Program Directory","tin","jonson","E3","CA","2222222","tin.jonson@learningcontainer.com"
"dave","DevOps Engineer","Dave","Brown","E7","WA","6666666","dave.brown@learningcontainer.com"
"bob","System Admin","Bob","Johnson","E5","TX","4444444","bob.johnson@learningcontainer.com"
"jack","CTO","Jack","Anderson","E13"," ","1313131","jack.anderson@learningcontainer.com"
